ts_sec,open,high,low,close,volume
1766620800,87627.4,87933.5,87466.9,87811.6,5633.524
1766635200,87811.6,87830.0,87617.1,87795.9,3874.387
1766649600,87795.9,87858.8,87219.0,87485.2,8305.291
1766664000,87485.2,88594.0,87360.7,88338.9,15360.367
1766678400,88339.0,88451.6,87947.8,88112.3,9470.156
1766692800,88112.3,88139.2,86902.1,87182.8,15152.527
1766707200,87182.8,89432.0,86824.8,88796.2,38115.137
1766721600,88796.2,89557.6,88300.5,88433.0,21937.337
1766736000,88433.0,88888.0,88380.0,88507.5,11419.104
1766750400,88507.6,89037.0,86619.9,87100.0,51437.502
1766764800,87100.0,87555.0,86760.4,87453.7,19187.707
1766779200,87453.7,87750.0,87266.6,87318.2,7874.95
1766793600,87318.3,87493.4,87203.0,87473.4,4564.436
1766808000,87473.4,87669.7,87374.5,87490.9,3525.475
1766822400,87490.9,87634.9,87324.6,87433.6,5166.212
1766836800,87433.6,87555.0,87264.8,87516.2,4515.048
1766851200,87516.3,87545.6,87397.5,87522.4,2442.758
1766865600,87522.3,87956.9,87455.5,87829.4,7080.18
1766880000,87829.5,87921.7,87674.4,87693.0,4818.273
1766894400,87693.1,87802.5,87566.0,87697.7,3595.942
1766908800,87697.7,87980.9,87676.4,87850.8,5882.811
1766923200,87850.9,88078.3,87762.2,87797.7,6369.212
1766937600,87797.6,87902.7,87448.4,87488.6,9230.702
1766952000,87488.7,88023.4,87402.6,87920.5,7463.024
1766966400,87920.4,90156.5,87778.5,90091.6,45213.489
1766980800,90091.5,90373.4,89448.1,89583.0,25464.187
1766995200,89583.0,89791.5,87520.1,87529.0,45300.356
1767009600,87529.1,88150.0,86760.0,87636.6,49719.631
1767024000,87636.4,87968.1,87259.6,87328.9,15239.929
1767038400,87328.9,87569.2,87043.4,87203.3,9066.617
1767052800,87203.2,87393.1,86789.0,87334.7,13438.983
1767067200,87334.7,87581.4,87105.6,87457.5,8171.089
1767081600,87457.5,88190.6,87455.5,87875.2,23327.302
1767096000,87875.3,89126.0,87788.2,88966.8,38901.923
1767110400,88966.8,89355.0,87910.4,88189.7,32511.331
1767124800,88189.8,88533.0,87833.2,88455.3,10394.632
1767139200,88455.2,88780.0,88134.9,88411.5,11679.228
1767153600,88411.6,88596.0,88280.1,88569.0,6284.482
1767168000,88568.9,89000.0,88339.9,88967.6,12440.16
1767182400,88967.6,89192.8,87729.2,87909.0,31536.84
1767196800,87909.0,88024.3,87350.5,87515.0,24053.975
1767211200,87515.0,87849.7,87189.2,87608.2,10773.672
1767225600,87608.3,88065.0,87600.0,87824.6,7102.55
1767240000,87824.6,87831.6,87508.4,87603.7,5685.305
1767254400,87603.7,87985.6,87590.0,87980.1,6046.668
1767268800,87980.1,88079.3,87758.4,87986.8,8130.085
1767283200,87986.8,88475.8,87833.1,88354.8,11314.033
1767297600,88354.8,88881.4,88193.2,88800.0,9662.662
1767312000,88800.0,89088.0,88324.4,88899.3,19809.197
1767326400,88899.3,89055.0,88533.6,88829.3,12241.301
1767340800,88829.3,89900.0,88780.0,89458.3,27887.349
1767355200,89458.3,90126.5,88401.2,89373.1,50647.142
1767369600,89373.0,90945.1,89145.2,89865.0,53631.695
1767384000,89865.0,90368.7,89588.0,89951.4,12445.764
1767398400,89951.5,90365.9,89914.5,90279.9,6484.185
1767412800,90280.0,90456.0,89261.2,89535.9,14358.15
1767427200,89535.9,89943.9,89380.2,89706.4,9668.717
1767441600,89706.4,90200.0,89620.0,89931.8,10078.954
1767456000,89931.7,90189.0,89866.5,90091.8,4811.57
1767470400,90091.8,90716.9,89972.9,90595.8,11489.693
1767484800,90595.8,91597.6,90595.7,91192.7,21036.474
1767499200,91192.7,91779.7,91142.3,91477.5,13544.574
1767513600,91477.5,91581.7,91111.9,91262.7,11954.424
1767528000,91262.8,91377.2,90968.0,91292.8,10317.597
1767542400,91292.8,91429.4,90790.1,91102.9,9385.331
1767556800,91102.9,91567.0,91085.1,91497.1,7534.629
1767571200,91497.2,93382.5,91476.5,92835.2,51047.503
1767585600,92835.3,92920.0,92102.0,92492.1,20234.161
1767600000,92492.1,93131.8,92292.0,93093.3,20213.743
1767614400,93093.3,93998.9,92370.9,93899.9,43133.117
1767628800,93900.0,94475.7,93201.0,94248.6,35514.604
1767643200,94248.6,94760.3,93757.9,93822.4,19273.184
1767657600,93822.3,94125.1,93467.1,93725.8,13154.652
1767672000,93725.7,93966.4,93088.0,93207.4,16653.016
1767686400,93207.4,93865.5,93130.4,93799.9,13061.435
1767700800,93800.0,94415.4,93292.0,93608.2,42110.368
1767715200,93608.2,93728.9,91209.0,92062.2,69722.545
1767729600,92062.2,93825.0,92062.2,93708.0,32741.034
1767744000,93708.1,93708.1,92202.9,92778.2,23633.179
1767758400,92778.1,92893.0,92457.9,92848.1,9331.514
1767772800,92848.1,92928.0,91549.9,92041.9,31461.263
1767787200,92041.8,92249.3,90987.0,91303.1,39915.388
1767801600,91303.2,91750.0,90634.1,91143.6,28364.998
1767816000,91143.6,91462.1,90740.5,91328.0,16280.508
1767830400,91328.1,91666.0,90555.1,90780.1,15801.589
1767844800,90780.0,91157.6,89588.1,90509.9,33939.861
1767859200,90509.8,90741.2,89733.6,90192.3,26745.978
1767873600,90192.2,90790.0,89242.0,90730.0,49177.48
1767888000,90730.0,91425.1,90244.7,90890.9,28633.856
1767902400,90890.9,91449.9,90519.9,91059.8,14177.18
1767916800,91059.8,91600.0,90800.6,91190.1,13112.406
1767931200,91190.1,91203.0,90704.0,90712.1,7718.517
1767945600,90712.1,90812.0,89632.8,90398.1,29857.973
1767960000,90398.1,91999.0,89800.0,91137.7,50210.138
1767974400,91137.8,91749.9,90145.0,90290.6,30045.679
1767988800,90290.6,90693.0,90082.6,90603.6,9449.964
1768003200,90603.7,90748.6,90474.4,90591.3,4296.028
1768017600,90591.3,90650.4,90351.6,90627.1,3897.275
1768032000,90627.1,90800.0,90570.0,90692.8,5112.255
1768046400,90692.9,90758.7,90494.0,90622.7,4673.046
1768060800,90622.8,90708.0,90450.0,90591.4,3632.768
1768075200,90591.3,90627.6,90358.5,90469.6,3659.369
1768089600,90469.7,90699.9,90410.6,90696.5,3298.738
1768104000,90696.4,90818.0,90530.9,90664.0,3375.466
1768118400,90663.9,90787.8,90555.0,90707.3,4860.961
1768132800,90707.2,91143.1,90650.0,90834.1,11189.115
1768147200,90834.0,91252.5,90609.5,90644.7,7657.326
1768161600,90644.7,91000.0,90175.3,90964.4,13162.776
1768176000,90964.4,92488.0,90642.0,91766.2,34613.115
1768190400,91766.2,92245.1,91342.0,91369.2,14891.693
1768204800,91369.2,91586.5,90319.4,90573.9,30364.738
1768219200,90573.9,91637.8,90066.0,91618.7,33382.596
1768233600,91618.6,92299.0,90966.0,91821.9,43461.407
1768248000,91821.9,92017.0,90870.0,91252.6,12523.834
1768262400,91252.5,91524.5,91011.0,91380.9,11584.552
1768276800,91380.9,92258.0,91316.3,91908.0,20473.116
1768291200,91908.0,92676.6,91850.6,91962.1,23092.118
1768305600,91962.1,93408.0,91700.6,93407.9,48588.204
1768320000,93407.9,94189.0,93009.8,94179.5,39149.646
1768334400,94179.6,96863.7,94011.7,95375.2,57658.282
1768348800,95375.2,95670.0,95082.0,95665.7,16464.491
1768363200,95665.6,95755.0,94413.4,95166.6,23449.918
1768377600,95166.6,95288.0,94700.0,94763.6,14291.289
1768392000,94763.7,97100.0,94643.0,96691.9,56131.329
1768406400,96691.9,97733.9,96180.0,97221.8,52868.159
1768420800,97221.8,97932.1,96666.6,96907.9,18838.305
1768435200,96908.0,96960.9,95733.1,95943.1,19713.874
1768449600,95943.1,96744.2,95909.1,96601.2,17931.66
1768464000,96601.2,97155.0,96243.8,96548.9,15485.899
1768478400,96548.9,97100.0,95403.7,96717.3,45603.132
1768492800,96717.3,97047.6,95080.0,95469.2,37698.441
1768507200,95469.2,95837.8,95089.0,95567.3,12771.735
1768521600,95567.4,95825.0,95279.8,95319.6,9561.47
1768536000,95319.6,95790.0,95111.1,95608.4,14107.35
1768550400,95608.4,95805.0,95210.5,95382.6,9683.442
1768564800,95382.5,95763.0,94234.5,94537.5,37520.56
1768579200,94537.6,95191.8,94454.5,94961.0,17146.236
1768593600,94961.0,95550.0,94630.0,95503.7,13199.031
1768608000,95503.8,95536.9,95136.2,95324.0,5524.505
1768622400,95324.1,95346.1,94999.9,95061.1,4766.776
1768636800,95061.1,95287.1,94977.5,95283.9,4032.162
1768651200,95283.8,95621.9,95152.1,95529.0,11191.027
1768665600,95529.0,95529.0,95165.5,95258.3,7792.851
1768680000,95258.3,95373.2,95000.0,95107.9,5661.912
1768694400,95107.9,95200.9,94819.5,95155.0,6600.369
1768708800,95155.0,95236.5,94980.0,94989.9,4813.436
1768723200,94989.9,95257.4,94980.0,95133.4,5147.428
1768737600,95133.3,95326.4,94850.4,95067.8,12660.949
1768752000,95067.7,95485.9,95024.6,95335.6,7763.476
1768766400,95335.6,95490.0,93550.3,93614.0,25594.735
1768780800,93614.0,93614.1,91800.0,92656.6,49990.263
1768795200,92656.7,92810.0,92344.5,92787.9,11351.718
1768809600,92787.8,93312.8,92635.0,93136.7,13800.415
1768824000,93136.8,93188.0,92660.0,93013.5,11142.096
1768838400,93013.4,93379.0,92888.0,93066.2,8569.393
1768852800,93066.2,93312.1,92116.0,92589.6,13383.171
1768867200,92589.6,92845.0,92200.0,92397.0,13853.313
1768881600,92396.9,92440.1,90723.3,91136.1,40101.084
1768896000,91136.1,91415.1,90622.2,91185.8,17642.089
1768910400,91185.8,91344.8,89819.0,90644.2,49534.19
1768924800,90644.3,90944.5,89250.2,89694.1,34730.522
1768939200,89694.1,89824.0,87787.2,88390.6,32215.002
1768953600,88390.7,89568.5,88218.2,89396.0,18898.318
1768968000,89395.9,90088.0,89045.0,89171.3,19315.661
1768982400,89171.3,89449.0,88614.1,88757.1,13506.472
1768996800,88757.0,90599.5,88109.7,90237.1,54268.387
1769011200,90237.2,90427.6,87205.5,90321.9,76317.133
1769025600,90321.9,90349.0,89317.9,89411.4,25776.644
1769040000,89411.4,90327.7,89411.3,89857.0,13517.244
1769054400,89856.9,90170.1,89750.0,89772.6,8495.666
1769068800,89772.6,90123.0,89701.9,89909.6,9239.677
1769083200,89909.7,90309.5,88465.6,88953.6,42054.956
1769097600,88953.7,89882.1,88630.2,89732.9,22922.654
1769112000,89732.8,89908.5,89095.5,89518.5,9684.024
1769126400,89518.4,89948.9,89400.0,89886.1,7103.31
1769140800,89886.2,90050.0,89358.0,89497.2,10350.649
1769155200,89497.3,89590.9,88823.3,89171.2,14039.112
1769169600,89171.3,89847.2,88530.0,89711.2,27156.81
1769184000,89711.2,91195.0,89438.0,89938.3,53329.738
1769198400,89938.3,90124.1,89163.6,89558.7,12846.231
1769212800,89558.7,89893.9,89383.5,89738.4,5898.549
1769227200,89738.4,89820.1,89530.6,89581.2,4004.245
1769241600,89581.3,89659.2,89539.5,89548.5,3259.833
1769256000,89548.5,89554.9,89131.2,89235.0,8263.039
1769270400,89234.9,89425.2,89116.9,89286.0,6341.109
1769284800,89286.1,89444.4,89155.0,89180.7,2969.162
1769299200,89180.7,89281.6,88800.0,88920.0,5837.206
1769313600,88920.0,89057.8,88600.0,88630.3,6941.923
1769328000,88630.3,88727.2,88084.0,88531.0,12171.295
1769342400,88530.9,88947.1,88306.6,88406.0,12877.754
1769356800,88406.0,88410.0,86100.0,86459.4,55909.37
1769371200,86459.4,86966.4,86021.7,86628.9,31141.815
1769385600,86628.9,87922.0,86463.2,87233.1,28640.303
1769400000,87233.1,88059.6,87188.3,87968.9,13632.75
1769414400,87969.0,88367.5,87556.9,87810.0,12963.85
1769428800,87810.1,88834.1,87278.5,87609.5,37919.782
1769443200,87609.4,88496.4,86960.0,87965.6,28639.512
1769457600,87965.5,88637.4,87506.8,88300.6,12813.294
1769472000,88300.6,88880.6,88157.4,88744.6,12771.372
1769486400,88744.7,88983.3,88239.9,88287.9,8861.368
1769500800,88288.0,88365.6,87707.1,87947.5,10960.454
1769515200,87947.4,88418.8,87530.0,88000.1,21717.911
1769529600,88000.1,88836.3,87265.4,88378.1,38341.683
1769544000,88378.1,89499.0,88335.6,89197.8,25273.326
1769558400,89197.8,89454.6,88932.6,89079.8,10026.193
1769572800,89079.8,89366.0,88786.0,89106.8,9710.807
1769587200,89106.8,90122.0,88831.9,90036.9,19303.904
1769601600,90036.9,90444.4,88852.2,89444.4,38056.703
1769616000,89444.5,90592.7,88974.0,89363.6,32992.134
1769630400,89363.5,89880.1,88829.0,89261.7,13795.118
1769644800,89261.7,89316.8,87650.1,88003.2,26173.956
1769659200,88003.2,88394.2,87863.0,88310.9,9421.294
1769673600,88310.9,88461.2,87711.0,87795.2,16008.75
1769688000,87795.1,88133.2,84335.4,84898.0,74469.515
1769702400,84897.9,85596.1,83338.3,83979.4,83125.553
1769716800,83979.5,84699.9,83785.6,84604.7,17562.523
1769731200,84604.7,84697.2,81000.0,82640.9,76402.239
1769745600,82640.9,83300.0,82021.1,82770.1,33705.929
1769760000,82770.1,83280.6,82108.4,83104.8,24459.859
1769774400,83104.7,83779.2,82328.6,82850.2,42061.2
1769788800,82850.1,84599.0,81832.0,84200.0,52992.028
1769803200,84199.9,84487.7,83501.0,84211.4,25173.261
1769817600,84211.4,84239.5,83775.5,83987.5,9341.051
1769832000,83987.5,84110.0,83368.0,83514.4,10028.444
1769846400,83514.3,83598.0,82530.2,82983.2,23221.921
1769860800,82983.2,83115.3,80754.3,81268.6,51733.36
1769875200,81268.6,82200.0,75500.0,77707.9,140211.477
1769889600,77707.9,79200.0,77037.8,78706.8,37012.258
1769904000,78706.7,79396.8,78245.7,78826.3,19245.976
1769918400,78826.3,79094.9,77899.9,78320.8,18661.217
1769932800,78320.8,79194.0,78099.8,78712.1,18582.65
1769947200,78712.1,78732.0,76752.5,77563.8,45953.015
1769961600,77563.8,78421.6,76950.9,77142.4,29864.884
1769976000,77142.4,77753.6,75644.0,76931.5,54676.338
1769990400,76931.6,78111.0,74555.0,76256.2,70032.518
1770004800,76256.2,76930.0,74853.0,76612.6,56149.261
1770019200,76612.6,77937.7,76576.7,77716.1,30912.995
1770033600,77716.0,79311.0,77515.6,78800.6,58953.88
1770048000,78800.5,79248.0,78234.9,78299.2,27195.435
1770062400,78299.1,78935.9,77843.2,78692.5,16402.325
1770076800,78692.5,79163.0,77566.5,78710.7,24856.12
1770091200,78710.7,78967.9,77900.1,78749.9,19860.497
1770105600,78750.0,79049.0,77900.0,78040.1,23203.397
1770120000,78040.1,78425.8,77000.5,78094.1,51447.122
1770134400,78094.2,78101.5,72889.2,74893.8,138235.631
1770148800,74893.9,76920.7,74541.0,75732.4,50122.749
1770163200,75732.4,76952.5,75420.0,76661.1,25230.293
1770177600,76661.1,76809.4,76072.0,76478.9,13166.927
1770192000,76478.9,76568.0,75629.9,75987.6,23832.37
1770206400,75987.6,76245.5,73756.0,74107.0,78049.845
1770220800,74107.0,74211.8,72101.0,73895.3,110739.361
1770235200,73895.2,74141.1,71838.0,73137.4,42105.843
1770249600,73137.5,73316.3,71111.0,71198.9,61677.796
1770264000,71199.0,71600.0,70085.3,70716.1,70629.246
1770278400,70716.1,71944.4,69862.0,70279.0,55156.137
1770292800,70279.1,70848.6,66666.0,67451.9,168792.675
1770307200,67452.0,68667.4,65160.0,65237.4,138785.242
1770321600,65237.5,65678.1,62233.3,62868.1,175048.645
1770336000,62868.1,65969.5,59800.0,64138.1,176970.308
1770350400,64138.1,66783.0,63924.7,64811.2,70097.968
1770364800,64811.2,66773.4,64438.9,66586.1,54110.748
1770379200,66586.1,69157.9,66072.0,68577.5,105687.051
1770393600,68577.5,71451.6,68348.0,70675.5,107975.296
1770408000,70675.5,71714.4,69764.7,70544.5,44341.398
1770422400,70544.5,70899.5,69674.5,70887.1,31855.755
1770436800,70887.2,71690.0,67250.0,68050.5,88703.15
1770451200,68050.5,68797.8,67550.2,67935.1,39834.145
1770465600,67935.0,70000.0,67870.2,69122.1,59726.379
1770480000,69122.1,69887.7,68478.1,69341.4,34087.255
1770494400,69341.3,69688.2,68734.6,69254.2,12456.967
1770508800,69254.3,69666.0,68843.7,69064.7,14911.652
1770523200,69064.7,69693.0,68928.0,69665.0,12103.435
1770537600,69665.1,71199.9,69467.9,70954.0,43821.848
1770552000,70954.0,71524.9,70653.0,71152.6,28255.244
1770566400,71152.5,71480.0,70220.1,71381.0,23445.872
1770580800,71381.0,72300.0,69913.3,70288.1,40215.536
1770595200,70288.2,71434.9,70013.3,71269.9,28075.139
1770609600,71269.8,71320.0,70251.1,70393.5,19162.987
1770624000,70393.5,70583.3,68373.9,68899.9,49010.982
1770638400,68900.0,69843.7,68271.7,69528.9,56527.819
1770652800,69528.9,71041.0,69050.0,70912.7,46984.623
1770667200,70912.6,71085.0,69776.1,70110.5,22681.278
1770681600,70110.6,70499.9,69155.8,69473.3,22533.107
1770696000,69473.2,69886.1,68633.3,68882.1,26911.354
1770710400,68882.2,69376.3,68406.4,68489.9,24790.436
1770724800,68489.9,69554.7,67883.0,69251.5,61160.036
1770739200,69251.4,69957.9,68555.6,69031.4,34739.185
1770753600,69031.3,69116.9,68322.1,68805.3,13738.491
1770768000,68805.3,69262.7,67951.8,68143.6,19145.197
1770782400,68143.6,68288.0,66511.0,67000.0,43120.56
1770796800,67000.0,67094.4,66342.6,67023.0,25236.662
1770811200,67022.9,68821.1,65718.5,66489.3,94588.83
1770825600,66489.4,67831.4,65834.5,67547.7,47502.511
1770840000,67547.6,68315.0,66757.4,67054.4,27031.764
1770854400,67054.8,68021.0,67016.6,67550.2,19130.074
1770868800,67550.3,67659.6,66640.0,67181.5,17969.216
1770883200,67181.5,68265.5,66860.0,68031.8,23709.827
1770897600,68031.8,68385.0,66958.0,67107.0,45122.558
1770912000,67107.0,67221.9,65081.0,65760.7,70971.692
1770926400,65760.7,66460.8,65177.8,66243.1,23089.892
1770940800,66243.2,66778.5,65833.9,66519.6,18050.465
1770955200,66519.6,66650.2,65964.2,66183.3,15780.838
1770969600,66183.3,67196.8,66159.9,67137.8,22860.438
1770984000,67137.8,69289.5,66823.6,68652.0,71464.15
1770998400,68652.1,69473.7,68500.0,68904.2,38164.259
1771012800,68904.3,69055.9,68639.7,68821.5,16723.139
1771027200,68821.5,69118.1,68736.2,68947.7,9642.697
1771041600,68947.7,69318.2,68689.1,69182.2,9127.385
1771056000,69182.1,70557.7,69174.5,70464.8,27428.772
1771070400,70464.8,70499.4,69163.7,69754.2,36370.367
1771084800,69754.2,69903.3,69259.1,69849.0,15953.444
1771099200,69848.9,70230.6,69600.0,69795.4,16011.581
1771113600,69795.4,69967.4,69212.2,69926.0,18571.897
1771128000,69925.9,70907.7,69925.9,70784.0,26247.372
1771142400,70784.0,70938.5,70114.8,70268.7,18316.803
1771156800,70268.6,70391.0,68741.4,69068.1,41787.049
1771171200,69068.1,69074.0,68029.6,68263.6,30584.219
1771185600,68263.7,69049.2,68100.2,68796.9,15742.79
1771200000,68796.9,69033.6,68112.2,68392.6,13437.439
1771214400,68392.6,68869.8,68183.3,68552.4,12323.489
1771228800,68552.5,69029.9,68300.0,68769.4,15845.783
1771243200,68769.4,70110.9,67250.0,67505.5,69582.444
1771257600,67505.5,68221.7,67475.0,67883.6,20666.719
1771272000,67883.5,68962.1,67788.6,68862.5,17723.874
1771286400,68862.6,69228.6,68350.0,68443.6,16477.877
1771300800,68443.6,68681.8,67854.2,68353.4,15435.494
1771315200,68353.4,68445.8,67655.0,67824.4,15199.471
1771329600,67824.3,68350.0,66588.0,67363.6,51182.908
1771344000,67363.6,68220.1,66824.5,67766.9,40921.1
1771358400,67766.9,67897.6,67355.7,67475.9,9968.272
1771372800,67475.9,67683.4,66850.1,67590.2,13859.457
1771387200,67590.3,68190.2,67456.6,68078.4,13751.365
1771401600,68078.5,68438.0,67037.2,67345.4,27303.081
1771416000,67345.4,68336.0,66666.2,67671.0,43142.829
1771430400,67671.1,67684.6,65826.1,66138.2,48354.052
1771444800,66138.3,66528.8,65993.1,66422.8,17562.607
1771459200,66422.8,66975.0,66301.8,66950.4,11949.431
1771473600,66950.4,67299.4,66651.8,67180.4,12987.831
1771488000,67180.4,67180.4,66431.1,66468.9,17634.609
1771502400,66468.8,66723.0,65595.7,66362.7,53345.665
1771516800,66362.6,67174.0,65863.8,67022.9,39321.698
1771531200,67022.8,67147.8,66618.2,66974.0,12193.367
1771545600,66973.9,67490.0,66912.4,67327.2,16163.093
1771560000,67327.2,67999.9,67079.3,67794.7,23131.392
1771574400,67794.8,68283.7,67250.0,67290.5,27634.024
1771588800,67290.4,68099.9,66408.1,67547.6,89010.872
1771603200,67547.6,67998.9,66915.0,67616.5,53992.045
1771617600,67616.5,68220.0,67486.6,67979.3,15372.545
1771632000,67979.3,68079.0,67488.9,67637.0,13484.385
1771646400,67636.9,67899.0,67555.2,67821.0,6835.056
1771660800,67821.0,68280.0,67776.2,68060.9,16424.915
1771675200,68061.0,68687.0,67882.8,68571.5,21938.833
1771689600,68571.5,68632.5,68066.0,68516.3,16510.563
1771704000,68516.3,68568.1,67860.0,67933.1,12301.741
1771718400,67933.2,68198.5,67763.7,68010.5,12501.071
1771732800,68010.5,68204.3,67850.4,67973.0,8942.586
1771747200,67973.0,68220.0,67877.0,68183.4,9086.0
1771761600,68183.4,68205.1,67275.0,67659.9,31174.344
1771776000,67660.0,67712.0,67150.0,67402.2,12981.135
1771790400,67402.1,67728.0,67324.1,67613.5,9658.286
1771804800,67613.6,67655.8,64232.8,64894.0,89086.873
1771819200,64894.1,65980.0,64628.5,65915.8,31480.866
1771833600,65915.7,66574.5,65534.6,66170.8,30726.787
1771848000,66170.8,66490.0,65500.0,65633.1,44068.051
1771862400,65633.1,65701.2,64050.0,64273.9,57061.836
1771876800,64273.9,64989.0,63860.0,64625.8,24726.883
1771891200,64625.8,64980.0,63303.9,63570.5,44780.755
1771905600,63570.5,63606.3,62655.0,63155.3,43162.099
1771920000,63155.4,63432.4,62900.0,63192.2,17864.35
1771934400,63192.1,63993.1,62401.7,63933.4,55745.736
1771948800,63933.4,64719.1,63664.8,64405.4,44265.128
1771963200,64405.4,64566.5,63769.2,64031.3,17332.501
1771977600,64031.4,66283.1,63876.0,65361.7,56855.085
1771992000,65361.7,65627.5,64720.4,65001.1,26612.513
1772006400,65001.2,65674.1,64929.7,65396.7,19061.581
1772020800,65396.6,67548.0,65280.1,67362.3,69345.322
1772035200,67362.4,69531.3,67354.2,69005.2,77165.838
1772049600,69005.2,69999.0,67557.0,67952.5,50198.479
1772064000,67952.5,68666.0,67690.1,68187.5,24179.246
1772078400,68187.4,68850.0,67780.0,67800.0,20005.173
1772092800,67800.0,68689.7,67750.0,68025.2,23034.015
1772107200,68025.2,68270.9,66730.7,67353.4,50416.384
1772121600,67353.3,67888.0,66462.0,67550.7,47321.725
1772136000,67550.7,67790.1,67114.0,67448.2,12880.512
1772150400,67448.1,67670.0,66841.6,67557.4,22307.866
1772164800,67557.4,68188.8,67417.4,67644.1,22791.161
1772179200,67644.1,68127.8,65923.0,66094.1,50214.113
1772193600,66094.0,66320.0,65626.1,66072.6,53927.286
1772208000,66072.5,66095.2,65080.0,65365.4,37731.794
1772222400,65365.4,65921.7,64875.6,65836.0,18985.144
1772236800,65836.0,65994.7,65681.9,65763.8,10665.044
1772251200,65763.8,65786.8,62979.5,63788.4,77198.277
1772265600,63787.4,64267.9,63313.9,63810.4,35913.713
1772280000,63810.4,65335.8,63782.2,64800.0,55609.039
1772294400,64800.1,66642.8,64635.0,66318.1,39161.254
1772308800,66318.1,67735.0,66150.0,66937.1,39375.459
1772323200,66937.0,68189.0,65812.0,67474.7,56559.864
1772337600,67474.8,67582.2,66757.2,67113.9,24461.609
1772352000,67114.0,67275.5,66160.4,66439.0,25330.042
1772366400,66439.0,67333.0,66100.0,66810.8,31465.641
1772380800,66810.8,67083.0,65681.3,65926.0,39092.282
1772395200,65925.9,66888.0,65011.0,65750.0,42201.998
1772409600,65749.9,67082.5,65726.0,66787.3,30045.733
1772424000,66787.3,66966.0,65509.0,65981.3,23909.56
1772438400,65981.2,66707.5,65612.4,66329.9,25846.474
1772452800,66329.8,69588.0,65234.4,69089.1,100518.31
1772467200,69089.1,70100.0,68519.8,68928.4,69288.61
1772481600,68928.4,69500.0,68529.5,68801.8,27769.345
1772496000,68801.8,69221.6,68142.1,68349.3,24654.008
1772510400,68349.4,68561.9,67759.6,68138.3,25184.326
1772524800,68138.2,68281.6,66270.7,67000.0,57583.252
1772539200,67000.0,68000.0,66080.0,67692.5,67933.027
1772553600,67692.5,68972.9,67440.0,68395.9,61502.223
1772568000,68395.9,68821.5,67778.4,68295.3,20613.064
1772582400,68295.2,68887.9,67350.0,67700.1,33692.828
1772596800,67700.1,69676.4,67421.9,69464.5,39330.795
1772611200,69464.5,71887.9,69100.2,71082.4,94611.132
1772625600,71082.3,73436.4,70559.7,73339.7,92618.5
1772640000,73339.7,74046.5,72467.2,73580.2,67026.008
1772654400,73580.3,73678.2,72273.0,72641.4,29864.233
1772668800,72641.4,73295.7,72300.0,72469.6,23591.685
1772683200,72469.5,73060.0,71740.0,72025.5,32629.087
1772697600,72025.4,73539.1,71716.3,72879.9,38402.512
1772712000,72880.0,73032.0,71136.2,71611.7,62191.887
1772726400,71611.7,71620.6,70612.8,70875.5,50962.285
1772740800,70875.5,71530.4,70737.9,70854.8,18390.824
1772755200,70854.8,71387.5,70339.6,71045.4,23279.92
1772769600,71045.4,71168.0,70100.0,71026.7,29611.984
1772784000,71026.7,71035.3,70164.9,70185.6,25068.966
1772798400,70185.6,70328.5,68121.6,68468.4,84732.612
1772812800,68468.3,68759.5,67712.3,68101.0,34900.467
1772827200,68100.9,68406.6,67731.0,68083.0,15788.754
1772841600,68083.0,68524.9,68018.7,68063.2,14174.659
1772856000,68063.3,68130.7,67411.0,67809.4,20253.761
1772870400,67809.5,68215.6,67675.0,67975.9,13839.088
1772884800,67976.0,68061.1,67568.4,67844.8,13378.413
1772899200,67844.8,67913.6,66850.1,67042.6,19525.49
1772913600,67042.6,67445.9,67028.0,67232.1,13398.751
1772928000,67232.1,67459.0,66720.8,66974.9,16885.389
1772942400,66974.9,67430.0,66508.0,67277.2,18554.059
1772956800,67277.1,68171.6,67121.1,67490.0,27801.877
1772971200,67490.1,67623.0,66730.0,67174.7,27339.604
1772985600,67174.6,67459.2,66707.0,67299.0,18854.836
1773000000,67299.0,67496.4,65569.2,65934.3,46312.208
1773014400,65934.3,67646.0,65770.5,67165.3,41435.983
1773028800,67165.3,68038.4,66833.9,67504.8,42658.686
1773043200,67504.9,68441.5,67301.0,67723.3,33413.817
1773057600,67723.3,69449.1,67714.2,68832.3,64501.076
1773072000,68832.4,69498.0,68200.1,68951.8,39934.468
1773086400,68951.8,69100.2,68333.0,68394.1,15267.517
1773100800,68394.0,70555.0,68345.0,69391.0,51529.442
1773115200,69391.0,70500.0,69391.0,70374.7,28318.564
1773129600,70374.7,71272.4,70332.2,70570.1,38904.133
1773144000,70570.1,71748.1,69184.8,71296.9,79824.041
1773158400,71296.9,71665.8,69688.0,70005.2,43473.679
1773172800,70005.1,70375.4,69388.0,69901.9,23624.625
1773187200,69901.8,70139.6,69455.6,69517.0,19934.411
1773201600,69517.0,70249.1,69329.7,69622.1,22428.745
1773216000,69622.2,69750.0,69098.0,69144.0,19591.571
1773230400,69144.0,71060.7,68932.9,70186.9,81262.52
1773244800,70187.0,71286.0,70093.2,70600.8,37304.834
1773259200,70600.7,70931.9,70078.6,70150.0,15105.875
1773273600,70150.0,70314.1,69180.0,69402.6,24677.582
1773288000,69402.6,69818.8,69150.0,69782.6,17621.83
1773302400,69782.7,70756.5,69540.9,70388.5,35040.695
1773316800,70388.6,70625.0,69303.8,70282.9,60362.28
1773331200,70282.8,70530.0,69725.0,70393.7,33038.945
1773345600,70393.7,70727.9,69974.7,70480.1,15749.261
1773360000,70480.1,71979.2,70342.7,71366.3,49074.595
1773374400,71366.3,71649.7,71150.0,71585.3,22770.578
1773388800,71585.2,72547.0,71347.1,72189.9,43793.534
1773403200,72189.8,73870.0,71700.0,71800.0,95514.604
1773417600,71800.1,72215.1,70811.0,71148.0,67789.571
1773432000,71148.1,71452.1,70510.8,70895.5,21289.239
1773446400,70895.5,71141.7,70436.2,71034.3,17911.298
1773460800,71034.3,71272.3,70256.0,70565.6,20769.739
1773475200,70565.6,70745.1,70350.0,70705.0,11804.118
1773489600,70705.0,70914.6,70444.1,70554.6,12725.591
1773504000,70554.7,70707.9,70455.6,70664.1,5710.845
1773518400,70664.1,71221.9,70607.7,71174.4,10361.423
1773532800,71174.4,71599.9,70815.7,71314.8,17119.67
1773547200,71314.8,71750.0,71277.1,71420.8,16031.421
1773561600,71420.8,71897.9,71420.8,71800.0,14103.141
1773576000,71800.1,71800.1,71220.1,71444.4,19469.966
1773590400,71444.4,71971.8,71275.0,71515.2,17115.499
1773604800,71515.2,73199.9,71396.4,72778.9,42634.545
1773619200,72778.8,74307.3,72235.6,73539.5,50880.921
1773633600,73539.5,74444.0,73345.9,73427.7,55945.157
1773648000,73427.8,73856.6,72841.9,73515.3,30983.237
1773662400,73515.3,74481.5,72926.4,73240.2,65250.406
1773676800,73240.2,74399.9,73122.0,73928.8,31945.377
1773691200,73928.8,74880.0,73819.0,74846.4,34071.892
1773705600,74846.4,75998.9,74231.6,74424.9,58475.828
1773720000,74424.9,74652.2,73723.4,74212.7,34915.028
1773734400,74212.8,74418.5,73512.0,73997.1,29483.915
1773748800,73997.1,74856.2,73330.3,73878.5,51694.124
1773763200,73878.5,74763.6,73826.8,74460.8,27312.217
1773777600,74460.8,74777.0,73829.5,73872.4,16397.861
1773792000,73872.3,74633.0,73492.0,74414.6,17853.087
1773806400,74414.7,74455.7,73636.5,73840.0,16057.317
1773820800,73840.1,74246.2,72731.6,72906.4,34321.746
1773835200,72906.4,72947.4,70821.2,71436.4,94292.645
1773849600,71436.3,71980.5,70858.3,71030.3,40790.497
1773864000,71030.3,71438.1,70456.0,71202.9,23440.177
1773878400,71202.9,71598.3,70858.4,71180.0,16806.3
1773892800,71180.0,71180.0,69421.1,70145.1,45952.411
1773907200,70145.0,70535.0,69860.3,69926.8,28698.426
1773921600,69926.8,70144.6,68750.0,69372.7,72865.933
1773936000,69372.8,70563.5,69065.4,70233.1,36895.021
1773950400,70233.0,70655.2,69677.1,69887.4,17428.086
1773964800,69887.4,70777.0,69801.3,70696.1,18120.173
1773979200,70696.1,70944.9,70161.0,70811.9,21998.628
1773993600,70812.0,71342.2,70175.0,70439.9,35467.865
1774008000,70440.0,70647.5,69450.0,69829.5,61685.772
1774022400,69829.5,70161.0,69350.0,70141.9,28032.496
1774036800,70141.9,70888.0,69701.3,70472.7,20936.583
1774051200,70472.6,70803.1,70403.2,70638.0,8766.87
1774065600,70637.9,70849.2,70582.7,70687.3,8316.4
1774080000,70687.4,70721.7,70455.6,70618.3,8839.546
1774094400,70618.2,71077.7,70420.0,70599.1,14845.433
1774108800,70599.1,70620.2,70163.0,70365.9,10277.605
1774123200,70365.8,70482.2,68511.3,68881.5,23039.032
1774137600,68881.5,69555.8,68189.0,69307.0,35724.348
1774152000,69307.1,69493.2,68846.4,68884.5,13159.053
1774166400,68884.5,68950.0,68030.0,68177.0,22401.831
1774180800,68177.0,69000.0,68153.1,68814.9,20510.702
1774195200,68814.9,68852.3,68108.0,68170.6,11335.985
1774209600,68170.6,68470.6,67300.0,67830.6,31748.645
1774224000,67830.7,68555.5,67400.1,68045.1,25498.732
1774238400,68045.2,68872.4,67456.7,68306.0,38017.808
1774252800,68305.9,71468.0,67880.0,70097.3,98820.429
1774267200,70097.2,71789.8,69644.0,70112.2,82230.708
1774281600,70112.2,71232.0,70100.5,70647.1,33568.0
1774296000,70647.1,70976.3,70370.0,70865.9,12964.001
1774310400,70866.0,71080.0,70232.0,70512.1,16904.604
1774324800,70512.1,71377.5,70075.5,71255.2,25264.519
1774339200,71255.2,71339.8,70812.7,71116.4,20900.666
1774353600,71116.4,71144.0,69467.8,69837.7,60563.264
1774368000,69837.6,69979.0,68884.5,69342.6,40454.956
1774382400,69342.6,70800.0,69257.9,70523.9,32103.941
1774396800,70524.0,71028.0,70375.0,70689.3,20167.741
1774411200,70689.2,71319.9,70659.9,70900.0,20176.191
1774425600,70899.9,71999.9,70752.5,71650.3,31609.885
1774440000,71650.3,71933.3,70531.4,70792.4,50063.907
1774454400,70792.4,71742.2,70623.4,70853.2,30523.044
1774468800,70853.3,71606.0,70603.0,71297.5,13975.081
1774483200,71297.5,71408.1,70640.0,70881.9,15369.374
1774497600,70882.0,70882.0,69722.6,70053.8,28170.739
1774512000,70053.8,70131.5,69127.2,69239.3,31299.448
1774526400,69239.3,69872.2,68553.4,69054.8,49114.5
1774540800,69054.9,69138.8,68115.8,68502.7,32420.866
1774555200,68502.7,69466.6,68378.5,68788.0,30098.687
1774569600,68788.1,69142.7,68458.5,68728.8,15782.447
1774584000,68728.8,68925.0,68257.2,68501.7,22617.561
1774598400,68501.8,68619.9,66175.4,66663.2,66255.788
1774612800,66663.3,66742.2,65681.5,66092.0,59804.127
1774627200,66091.9,66267.4,65501.0,66005.4,34760.006
1774641600,66005.5,66384.0,65766.1,66364.2,13131.119
1774656000,66364.1,66472.4,65888.0,66191.8,13447.828
1774670400,66191.8,66533.9,66068.3,66520.8,9361.184
1774684800,66520.9,66529.4,66087.3,66288.5,10694.728
1774699200,66288.4,67284.0,66191.7,66982.3,31909.105
1774713600,66982.4,67065.0,66644.0,66873.0,11262.952
1774728000,66873.0,66978.0,66233.6,66334.8,12697.695
1774742400,66334.8,67100.0,66235.6,66875.7,15037.104
1774756800,66875.7,66907.5,66521.4,66632.5,10557.62
1774771200,66632.4,66986.8,66375.5,66780.8,11793.427
1774785600,66780.8,66849.0,66288.1,66500.0,16588.365
1774800000,66499.9,66639.0,66111.0,66320.2,12137.954
1774814400,66320.3,66767.9,64918.2,65977.9,44163.926
1774828800,65978.0,67487.7,65754.2,67139.8,43452.227
1774843200,67140.0,67777.0,67129.3,67595.9,24988.604
1774857600,67595.9,67998.0,67333.3,67651.5,25240.799
1774872000,67651.5,68148.4,67055.0,67590.2,42769.125
1774886400,67590.2,67614.9,66200.1,66516.0,34170.069
1774900800,66515.9,66973.5,66377.1,66764.4,16438.241
1774915200,66764.4,68377.0,66498.9,67670.8,38783.787
1774929600,67670.8,67865.7,67071.9,67343.8,21775.2
1774944000,67343.9,67476.9,65938.0,66652.4,45906.629
1774958400,66652.4,67765.8,66374.4,66700.0,60392.206
1774972800,66700.0,68600.0,66695.9,67803.0,60172.062
1774987200,67803.0,68382.9,67794.8,68241.5,16303.201
1775001600,68241.4,68330.0,67534.9,68134.0,21051.997
1775016000,68134.0,69288.0,67965.0,68651.9,39490.528
1775030400,68651.9,68821.5,68360.0,68669.9,19706.052
1775044800,68670.0,68938.8,67883.7,68877.0,38470.852
1775059200,68876.9,69142.6,67900.4,68143.8,27241.301
1775073600,68143.7,68510.6,67927.0,68086.5,11315.49
1775088000,68086.4,68639.1,66455.9,66538.4,51050.567
1775102400,66538.4,66898.5,66171.8,66887.9,25041.797
1775116800,66887.8,66887.9,66065.1,66180.6,19810.094
1775131200,66180.6,67080.0,65676.1,66810.6,54090.961
1775145600,66810.6,67400.0,66550.0,66943.2,29514.463
1775160000,66943.2,67078.9,66681.3,66868.5,8851.039
1775174400,66868.6,66976.2,66240.0,66550.0,18212.835
1775188800,66550.1,67233.3,66375.1,67008.8,13472.972
1775203200,67008.8,67258.0,66644.0,66983.4,12486.352
1775217600,66983.5,67350.0,66478.5,66806.1,22358.522
1775232000,66806.0,67046.1,66714.1,66857.0,7921.876
1775246400,66857.0,66946.3,66791.8,66930.0,4815.276
1775260800,66930.0,66935.3,66773.3,66799.1,3902.732
1775275200,66799.1,67023.7,66745.5,66982.0,6007.355
1775289600,66982.1,67223.8,66874.5,67128.9,7992.931
1775304000,67128.9,67554.5,67003.7,67357.3,16379.357
1775318400,67357.4,67523.8,67226.4,67262.7,11176.887
1775332800,67262.8,67452.7,67150.6,67271.0,5311.075
1775347200,67271.1,67279.2,66900.0,67113.5,6903.652
1775361600,67113.4,67160.0,66575.5,66787.4,13916.33
1775376000,66787.4,67132.8,66782.1,66972.7,6904.214
1775390400,66972.7,67828.6,66650.0,67272.2,27564.797
1775404800,67272.2,67540.0,67132.2,67329.1,10633.01
1775419200,67329.1,69108.0,67302.4,68997.9,38996.166
1775433600,68997.9,69583.0,68740.2,69092.4,31472.532
1775448000,69092.3,69338.2,68769.6,69089.7,16774.749
1775462400,69089.8,70252.9,69047.7,69583.6,31538.644
1775476800,69583.5,69931.9,69088.0,69922.5,31536.197
1775491200,69922.4,70332.5,69240.0,69704.8,28697.393
1775505600,69704.8,69940.0,68227.5,68817.9,26737.721
1775520000,68817.9,69111.8,68241.9,68746.3,22331.356
1775534400,68746.4,68955.6,68400.6,68592.1,12350.999
1775548800,68592.0,69219.0,68033.0,68310.8,32353.624
1775563200,68310.7,68613.8,67711.0,68138.4,38539.121
1775577600,68138.5,69068.6,68049.9,68975.9,28366.793
1775592000,68975.9,72743.4,68975.9,71890.2,98886.354
1775606400,71890.2,72086.4,71186.0,71259.6,26757.697
1775620800,71259.7,71919.0,71250.0,71612.0,17009.861
1775635200,71612.1,71945.0,71367.0,71650.2,14461.09
1775649600,71650.2,72858.5,70671.6,71274.8,79220.378
1775664000,71274.9,71934.5,70980.0,71283.0,32164.665
1775678400,71283.0,71726.7,70850.9,71038.1,13764.801
1775692800,71038.2,71168.0,70428.0,70961.2,21193.853
1775707200,70961.2,71087.8,70666.0,70945.0,12002.442
1775721600,70945.0,71533.0,70831.9,71109.9,17310.192
1775736000,71109.9,72320.0,70470.2,72108.0,49151.802
1775750400,72108.0,72517.9,71688.8,72055.9,41877.194
1775764800,72055.8,73128.0,71539.9,71750.4,34270.974
1775779200,71750.4,72350.0,71546.0,71837.3,21715.955
1775793600,71837.3,72243.6,71382.1,71461.2,16485.581
1775808000,71461.2,72229.0,71395.0,72092.7,19118.232
1775822400,72092.8,73255.7,71868.5,72421.0,57943.465
1775836800,72421.1,73223.4,72350.0,73187.3,23358.005
1775851200,73187.4,73450.0,72669.1,72917.4,17948.428
1775865600,72917.4,73066.2,72615.0,72835.1,10123.999
1775880000,72835.1,72921.5,72566.4,72707.7,11906.343
1775894400,72707.8,72886.0,72580.0,72868.2,8113.981
1775908800,72868.2,72945.0,72451.9,72817.3,12417.345
1775923200,72817.3,73773.4,72775.3,73635.9,23634.789
1775937600,73635.9,73648.8,72861.2,73013.4,13973.213
1775952000,73013.4,73094.4,71259.0,71563.6,43169.182
1775966400,71563.6,71750.0,71369.7,71628.1,12023.589
1775980800,71628.2,71750.0,71309.7,71435.0,8820.093
1775995200,71435.0,71478.0,70566.5,70856.2,34941.462
1776009600,70856.1,71199.0,70777.0,71055.2,11517.812
1776024000,71055.2,71423.9,70458.2,70711.1,24350.851
1776038400,70711.2,71245.0,70574.0,70944.8,15132.601
1776052800,70944.8,71114.9,70627.9,70780.0,11392.397
1776067200,70780.1,70960.3,70517.3,70883.9,11273.638
1776081600,70883.9,72431.0,70722.3,71823.6,57450.265
1776096000,71823.6,73441.7,71629.5,73272.2,56314.37
1776110400,73272.1,74870.0,72953.3,74385.0,61466.248
1776124800,74384.9,74583.1,73946.9,74408.8,19651.083
1776139200,74408.8,74900.0,74112.2,74513.4,16214.625
1776153600,74513.3,74873.5,74267.2,74342.4,16225.412
1776168000,74342.4,76009.0,74234.0,75268.1,75098.043
1776182400,75268.1,75684.9,73789.7,74176.4,41947.024
1776196800,74176.5,74387.7,73766.8,74106.9,14125.303
1776211200,74106.9,74739.2,74085.0,74296.8,16203.804
1776225600,74296.8,74400.0,73449.0,73705.1,19300.982
1776240000,73705.2,74227.5,73640.1,74155.1,17459.363
1776254400,74155.0,74473.5,73540.0,73797.5,32291.529
1776268800,73797.5,75240.0,73714.9,74957.8,24574.563
1776283200,74957.7,75425.6,74466.5,74776.2,21199.53
1776297600,74776.3,75232.7,74400.0,74851.9,15651.25
1776312000,74851.9,75130.0,74590.3,74667.7,17045.274
1776326400,74667.7,74866.9,74226.2,74528.4,20577.67
1776340800,74528.4,74981.1,73256.8,74659.5,56715.81
1776355200,74659.5,75378.1,73873.5,75309.4,32912.364
1776369600,75309.5,75500.0,74736.5,75106.8,15495.357
1776384000,75106.8,75118.4,74480.0,74582.8,13107.45
1776398400,74582.8,75060.4,74508.2,75047.4,11691.865
1776412800,75047.4,76350.0,74951.6,75542.2,53474.253
1776427200,75542.1,77999.9,75481.8,77736.2,107834.631
1776441600,77736.2,78300.0,76921.9,77348.8,40552.358
1776456000,77349.2,77566.0,76854.2,77030.6,12735.358
1776470400,77030.6,77380.0,76903.2,76964.3,9887.034
1776484800,76964.4,77233.6,76824.1,76951.0,10695.009
1776499200,76951.0,77004.2,75710.6,76002.0,37691.022
1776513600,76002.0,76342.7,75738.0,76124.8,17432.324
1776528000,76124.8,76176.6,75395.9,75604.2,23009.346
1776542400,75604.2,75843.3,75551.0,75653.8,7179.656
1776556800,75653.8,75804.0,75314.0,75473.0,10862.513
1776571200,75472.9,75747.3,74824.3,75205.6,18131.041
1776585600,75205.7,75589.2,74863.6,75557.4,14364.469
1776600000,75557.5,76200.0,75342.3,75807.6,28969.611
1776614400,75807.7,75817.7,74550.0,74917.9,25232.576
1776628800,74918.0,74920.2,73700.2,73758.4,31418.001
1776643200,73758.4,74697.6,73669.0,74593.9,21233.994
1776657600,74593.9,75539.3,74061.2,74795.5,25444.888
1776672000,74795.5,75375.1,74563.2,75148.7,18020.188
1776686400,75148.8,75750.0,74639.5,75668.1,42510.02
1776700800,75668.1,76449.8,75242.5,76252.5,38692.836
1776715200,76252.5,76531.0,75556.2,75790.1,20247.741
1776729600,75790.1,76232.3,75433.1,75669.1,13838.396
1776744000,75669.1,76276.6,75558.8,76050.0,14272.52
1776758400,76050.0,76999.0,76025.0,76408.3,27821.111
1776772800,76408.3,76574.3,75355.2,75799.9,48277.16
1776787200,75800.0,76155.0,74777.9,74988.6,38568.672
1776801600,74988.7,76396.2,74942.2,76288.2,21983.128
1776816000,76288.3,77699.0,76078.6,77488.3,39061.724
1776830400,77488.4,78447.5,77321.7,77979.8,41227.885
1776844800,77979.7,78365.8,77895.3,78263.2,15681.688
1776859200,78263.2,79370.0,78060.0,79234.3,53011.501
1776873600,79234.3,79444.0,78586.7,78791.3,27094.127
1776888000,78791.3,78868.9,78111.6,78139.8,15010.171
1776902400,78139.7,78534.9,77410.7,77704.3,29046.607
1776916800,77704.3,78310.1,77627.4,78009.1,17571.723
1776931200,78009.1,78142.2,76504.6,77649.9,35463.4
1776945600,77650.0,78648.0,77322.8,78329.2,35494.645
1776960000,78329.3,78466.8,76900.1,77670.5,43195.351
1776974400,77670.4,78299.0,77598.4,78216.8,11713.286
1776988800,78217.4,78546.0,77500.0,77690.1,23409.633
1777003200,77690.1,78019.2,77401.5,77620.5,17255.414
1777017600,77620.5,78346.1,77355.8,78194.8,25294.889
1777032000,78194.9,78432.9,77521.0,78007.3,31389.885
1777046400,78007.3,78031.9,77308.0,77596.1,20079.534
1777060800,77596.0,77727.0,77206.8,77395.4,10353.65
1777075200,77395.3,77678.0,77254.7,77629.0,6659.441
1777089600,77629.0,77653.2,77400.0,77449.9,5246.887
1777104000,77449.9,77847.0,77444.0,77638.7,8566.49
1777118400,77638.7,77719.1,77263.0,77289.3,9750.494
1777132800,77289.3,77411.8,77100.0,77285.6,10601.66
1777147200,77285.7,77615.7,77267.3,77585.0,5767.514
1777161600,77585.0,77607.7,77280.0,77349.3,6370.913
1777176000,77349.3,78164.7,77338.4,78061.5,15176.812
1777190400,78061.5,78182.8,77880.0,78050.0,6338.101
1777204800,78050.0,78136.5,77715.0,78007.9,11383.992
1777219200,78007.9,78477.9,77815.0,78183.1,15250.276
1777233600,78183.2,78994.8,77777.0,78613.5,25423.211
1777248000,78614.4,79455.0,78319.1,79065.1,28332.003
1777262400,79065.1,79128.1,77408.6,77556.7,46056.494
1777276800,77556.7,77949.9,77500.0,77804.3,15085.328
1777291200,77804.3,78232.0,76524.0,76760.0,45532.905
1777305600,76760.0,76902.7,76400.0,76844.4,20255.064
1777320000,76844.3,77419.7,76714.8,77331.2,13839.089
1777334400,77331.2,77450.0,76632.4,76770.6,16306.693
1777348800,76770.6,77132.4,76324.1,76828.4,17501.573
1777363200,76828.3,76956.0,76088.0,76198.8,16237.845
1777377600,76198.9,76403.7,75635.6,76027.8,32920.405
1777392000,76027.7,76352.0,75840.3,76293.6,12516.735
1777406400,76293.5,76448.0,76150.0,76298.1,8435.626
1777420800,76298.2,77098.8,76138.7,76955.7,17757.966
1777435200,76955.7,77432.1,76839.8,77003.8,24024.0
1777449600,77003.8,77873.2,76918.5,77552.5,25723.964
1777464000,77552.5,77563.6,75675.2,75889.1,47484.616
1777478400,75889.1,76220.0,74868.0,75518.5,54386.306
1777492800,75518.4,76061.2,75448.0,75749.9,17156.651
1777507200,75749.9,76445.0,75448.9,75882.1,22074.553
1777521600,75881.6,76148.0,75273.5,76129.9,15761.964
1777536000,76129.9,76332.6,75836.0,76032.9,15331.776
1777550400,76032.9,76630.3,76009.8,76423.0,26961.697
1777564800,76423.0,76470.5,76060.4,76366.7,11760.837
1777579200,76366.7,76536.2,76155.1,76305.4,7863.633
1777593600,76305.4,77421.2,76265.4,77082.6,21673.031
1777608000,77082.6,77177.1,76833.7,77100.0,12318.418
1777622400,77099.9,77588.4,77010.5,77429.5,17873.319
1777636800,77429.6,78879.9,77368.2,78395.4,66947.87
1777651200,78395.4,78642.0,78081.5,78316.9,19035.818
1777665600,78317.0,78402.9,77717.7,78192.0,15149.85
1777680000,78191.9,78503.9,78123.0,78377.7,8115.878
1777694400,78377.7,78416.8,77979.3,78181.6,10254.585
1777708800,78181.6,78359.2,78055.7,78105.7,5555.41
1777723200,78105.7,78458.2,78056.0,78449.8,8234.343
1777737600,78449.8,78565.9,78277.0,78443.8,5602.226
1777752000,78444.1,79145.0,78376.0,78652.9,13678.666
1777766400,78652.8,78740.5,78069.0,78162.4,13209.701
1777780800,78162.3,78415.4,78027.0,78316.6,7080.944
1777795200,78316.6,78814.7,78295.1,78620.5,9195.937
1777809600,78620.6,78850.0,78522.9,78625.2,9849.891
1777824000,78625.2,78832.2,78514.2,78729.1,5743.945
1777838400,78729.1,79428.9,78440.0,78529.0,26953.203
1777852800,78529.0,80426.0,78235.4,80278.7,59484.212
1777867200,80278.7,80590.2,79440.0,79663.5,30796.491
1777881600,79663.4,79900.0,78128.3,78753.5,64999.688
1777896000,78753.5,80528.9,78450.0,79976.7,75904.797
1777910400,79976.6,80771.7,79562.0,80018.4,38924.278
1777924800,80018.3,80363.2,79715.9,79826.1,10807.116
1777939200,79826.1,81050.0,79761.2,80836.9,24027.045
1777953600,80836.8,81278.2,80671.4,80815.8,26966.917
1777968000,80815.8,81071.0,80480.6,80973.0,21914.277
1777982400,80973.1,81656.6,80879.5,81488.7,49091.49
1777996800,81488.7,81636.4,81000.0,81554.4,20374.894
1778011200,81554.3,81745.4,80716.8,80861.9,28546.905
1778025600,80861.9,81716.3,80651.2,81535.9,19335.861
1778040000,81535.9,81599.0,81005.6,81333.3,13068.658
1778054400,81333.4,82828.7,81280.0,82485.4,52877.103
1778068800,82485.3,82508.7,81073.1,81656.4,47013.667
1778083200,81656.4,81855.0,81137.8,81416.5,14700.188
1778097600,81416.5,81655.0,80929.8,81390.1,11205.031
1778112000,81390.0,81450.5,80767.1,80797.3,18369.798
1778126400,80797.4,81680.6,80675.8,81480.1,19556.646
1778140800,81480.0,81564.6,80521.8,80827.9,20018.567
1778155200,80827.9,81158.7,79605.0,79861.6,40977.456
1778169600,79861.5,80235.0,79461.5,80103.1,22970.036
1778184000,80103.1,80331.6,79531.1,79969.4,12835.149
1778198400,79969.5,80106.3,79137.4,79540.0,17479.539
1778212800,79539.9,79743.8,79208.0,79635.0,12514.453
1778227200,79635.0,80287.0,79626.0,80181.9,19245.773
1778241600,80181.8,80478.0,79507.6,80119.1,35525.912
1778256000,80119.1,80266.6,79692.4,80147.7,15204.84
1778270400,80147.9,80376.0,80044.7,80155.2,6792.396
1778284800,80155.2,80542.0,80080.0,80340.6,7422.748
1778299200,80340.7,80641.8,80084.3,80181.7,10981.652
1778313600,80181.6,80422.3,80124.8,80310.4,7358.212
1778328000,80310.4,80566.0,80190.0,80488.3,9589.206
1778342400,80488.3,81043.2,80440.0,80896.9,15965.786
1778356800,80897.1,80900.0,80569.0,80634.0,4639.73
1778371200,80634.0,80859.9,80533.7,80735.1,6239.685
1778385600,80735.2,80809.4,80619.6,80695.9,3918.369
1778400000,80695.9,80939.5,80641.5,80782.1,7173.695
1778414400,80782.1,81423.2,80743.2,81381.4,15739.641
1778428800,81381.5,81587.9,81105.6,81398.0,15380.911
1778443200,81398.0,82460.5,80225.1,82177.7,46498.502
1778457600,82177.7,82350.0,80470.1,80693.4,34137.133
1778472000,80693.4,81033.3,80597.8,80708.9,11262.175
1778486400,80708.8,81172.6,80580.0,81167.1,10673.423
1778500800,81167.1,81434.8,80394.0,81403.4,29458.505
1778515200,81403.4,82098.9,81297.5,81917.1,27429.743
1778529600,81917.8,82051.1,81521.5,81699.1,9029.442
1778544000,81699.1,81757.3,80661.2,81028.3,20957.01
1778558400,81028.3,81270.2,80756.0,80809.2,14722.452
1778572800,80809.2,80930.7,80444.0,80742.7,16396.375
1778587200,80742.7,80968.6,80143.0,80301.6,36183.842
1778601600,80301.6,80836.5,79801.0,80799.5,25607.157
1778616000,80799.6,80848.6,80393.9,80461.0,7447.12
1778630400,80461.0,81268.0,80364.5,81217.1,14181.69
1778644800,81217.0,81253.5,80847.0,80981.9,9637.715
1778659200,80981.9,81270.2,80444.0,80460.1,17712.804
1778673600,80460.0,80558.0,78753.1,78794.7,57778.155
1778688000,78794.7,79776.2,78713.8,79604.8,29131.57
1778702400,79604.8,79729.1,79188.0,79288.3,11258.711
1778716800,79288.2,79659.9,78869.4,79005.3,18671.685
1778731200,79005.4,79962.5,78934.8,79699.9,18751.597
1778745600,79700.0,79900.0,79188.0,79216.6,13577.35
1778760000,79216.7,81270.2,79196.4,81245.5,60173.208
1778774400,81245.6,81999.0,81020.5,81373.7,54556.282
1778788800,81373.8,81540.0,81007.9,81048.9,10153.503
1778803200,81048.8,81623.8,80706.9,81022.7,21653.619
1778817600,81022.7,81073.2,80266.8,80782.8,26883.433
1778832000,80782.9,80793.0,80323.0,80582.1,13997.963
1778846400,80582.0,80596.7,78610.0,79118.0,69441.517
1778860800,79118.1,79532.1,79012.5,79104.2,14707.787
1778875200,79104.3,79185.0,78861.6,79074.0,7139.186
1778889600,79074.0,79199.7,78970.4,79041.7,6619.717
1778904000,79041.7,79096.8,78000.4,78334.3,27621.111
1778918400,78334.3,78527.8,77601.8,78042.5,28313.225
1778932800,78042.5,78327.0,77800.0,78194.1,12794.404
1778947200,78194.0,78337.4,78069.1,78223.8,6585.171
1778961600,78223.8,78287.8,78085.2,78104.2,4216.823
1778976000,78104.3,78213.9,77675.4,77990.2,13609.963
1778990400,77990.2,78300.0,77957.2,78137.2,7162.403
1779004800,78137.3,78564.3,77992.1,78371.5,10980.395
1779019200,78371.4,78515.7,77800.0,78006.9,11904.251
1779033600,78006.9,78432.0,77811.5,78369.0,8566.532
1779048000,78368.9,78453.0,76666.0,77430.4,33994.125
1779062400,77430.4,77452.7,76668.8,76900.0,30154.057
1779076800,76900.1,77059.6,76534.5,77039.4,18240.676
1779091200,77039.5,77375.0,76627.0,77255.0,17609.267
1779105600,77255.1,77757.5,76014.2,76393.5,61736.012
1779120000,76393.6,76963.7,76107.7,76898.5,33886.684
1779134400,76898.5,77187.3,76753.6,76963.2,16736.803
1779148800,76963.2,77384.6,76451.3,76749.9,17833.975
1779163200,76750.0,77247.7,76595.7,77200.4,12417.774
1779177600,77200.4,77291.3,76576.8,76677.1,15551.171
1779192000,76677.0,77033.9,76107.1,76487.9,31454.773
1779206400,76488.0,77042.3,76377.0,76780.0,15271.39
1779220800,76780.0,77003.1,76610.4,76799.9,6517.556
1779235200,76800.0,76900.0,76485.0,76689.6,14717.509
1779249600,76689.6,77444.0,76650.0,77249.9,18552.191
1779264000,77250.0,77639.3,77170.3,77351.2,16338.696
1779278400,77351.2,77825.8,76855.0,77423.0,33242.241
1779292800,77423.0,77685.4,76975.0,77630.6,15341.814
1779307200,77630.5,77735.6,77183.7,77510.3,9414.955
1779321600,77510.3,78150.0,77472.5,78039.1,17039.221
1779336000,78039.2,78143.2,77485.1,77846.2,13018.714
1779350400,77846.1,78180.0,77111.0,77157.4,23155.618
1779364800,77157.3,77379.1,76696.7,77224.3,25558.755
1779379200,77224.3,78063.8,76970.0,77657.1,32159.154
1779393600,77657.1,77777.2,77490.8,77586.2,6163.699
1779408000,77586.3,77775.9,77288.0,77740.0,7709.423
1779422400,77739.9,77862.7,77237.1,77366.9,12647.782
1779436800,77366.8,77505.7,77138.3,77394.8,8553.583
1779451200,77394.8,77548.5,76528.0,76756.5,33117.496
1779465600,76756.5,77070.1,75620.0,75827.1,36277.266
1779480000,75827.1,76054.1,75322.0,75513.1,17900.663
1779494400,75513.1,75633.7,75184.9,75599.1,15436.518
1779508800,75599.0,75620.0,74203.6,74573.1,31515.125
1779523200,74573.2,74839.1,74307.0,74763.3,20421.659
1779537600,74763.3,75670.8,74620.9,75486.9,29233.849
1779552000,75487.0,76000.2,75333.3,75949.5,15418.261
1779566400,75949.5,77427.0,75913.9,76715.2,41802.341
1779580800,76715.3,76983.1,76596.9,76702.8,10877.601
1779595200,76702.8,77040.0,76611.0,76771.3,9167.64
1779609600,76771.4,77600.0,76691.4,77289.5,17222.638
1779624000,77289.5,77294.4,76159.7,76343.7,24088.222
1779638400,76343.8,76777.0,76343.7,76738.5,9107.609
1779652800,76738.5,77193.4,76056.0,77030.3,20670.567
1779667200,77030.3,77450.6,76871.4,76989.0,14649.301
1779681600,76989.0,77677.6,76950.0,77377.0,14584.247
1779696000,77376.9,77699.0,77241.7,77318.2,13640.885
1779710400,77318.2,77887.9,77244.8,77587.2,15234.635
1779724800,77587.2,77784.9,77313.0,77403.3,9008.916
1779739200,77403.4,77472.0,77011.3,77281.5,9590.424
1779753600,77281.5,77319.6,76434.0,76629.0,18506.397
1779768000,76629.0,77045.9,76556.9,76685.1,12547.087
1779782400,76685.0,77600.0,76543.8,77153.9,20838.26
1779796800,77153.8,78077.1,76234.7,76478.2,66727.635
1779811200,76478.2,76678.7,75711.0,76028.3,35332.115
1779825600,76028.4,76157.8,75641.2,75905.5,10968.588
1779840000,75905.6,76083.9,75555.1,75635.6,12261.144
1779854400,75635.6,75940.0,75277.8,75935.0,18142.226
1779868800,75935.0,76038.0,75666.0,75737.9,12192.202
1779883200,75737.9,76155.5,74735.7,75300.0,51264.201
1779897600,75300.0,75382.6,74632.0,75039.9,22646.635
1779912000,75039.8,75391.0,74210.0,74418.1,28209.053
1779926400,74418.0,74565.3,73036.0,73224.5,43587.778
1779940800,73224.4,73485.0,72667.9,73467.0,34578.879
1779955200,73467.0,73592.1,73167.4,73479.1,13907.056
1779969600,73479.0,73557.3,72556.0,72899.1,51087.566
1779984000,72899.0,73723.0,72704.0,73393.5,22552.945
1779998400,73393.4,73932.2,73212.3,73591.4,13731.453
1780012800,73591.4,73844.0,73158.8,73269.2,11820.268
1780027200,73269.1,73908.6,73171.8,73488.0,15653.651
1780041600,73488.1,73866.8,73305.1,73447.6,11771.654
1780056000,73447.5,74177.0,72436.0,73775.4,59474.916
1780070400,73775.4,74293.1,73057.8,73489.0,36329.068
1780084800,73489.0,73829.2,73279.3,73428.2,11107.625
1780099200,73428.2,73757.9,73367.3,73492.4,7948.491
1780113600,73492.4,73685.0,73130.1,73513.9,12144.772
1780128000,73514.0,73648.0,73470.5,73567.9,4484.973
1780142400,73568.0,74078.6,73556.4,73888.0,13500.653
1780156800,73888.0,74108.8,73772.5,73980.1,8324.565
1780171200,73980.0,74028.3,73750.0,73856.8,6140.232
1780185600,73856.9,74250.0,73821.4,74107.6,10535.051
1780200000,74107.5,74194.6,73793.2,73833.3,6718.924
1780214400,73833.2,73998.9,73701.0,73913.6,6299.825
1780228800,73913.6,73997.8,73388.0,73613.5,14325.411
1780243200,73613.4,73704.0,73340.7,73521.9,7969.289
1780257600,73521.9,74179.9,73470.8,73653.2,12392.959
1780272000,73653.2,74070.5,73171.0,73731.3,18398.144
1780286400,73731.4,73815.9,72668.0,72776.1,22007.162
1780300800,72776.1,73084.0,72188.0,72452.8,27389.75
1780315200,72452.7,72583.7,71035.3,71099.4,86549.322
1780329600,71099.5,71788.5,70650.9,71571.0,38288.275
1780344000,71571.0,71670.0,70806.0,71391.5,20838.475
1780358400,71391.5,71397.0,70038.0,70920.7,34734.101
1780372800,70920.8,71022.7,69666.8,70079.4,38610.039
1780387200,70079.5,70146.2,69277.8,69430.2,31530.799
1780401600,69430.2,69514.6,67035.5,67274.0,107503.754
1780416000,67274.0,68121.9,66388.0,67286.7,70497.295
1780430400,67286.7,67899.9,66150.7,66730.0,63826.164
1780444800,66730.1,67195.7,65359.1,65818.4,59070.502
1780459200,65818.3,67493.8,65791.4,67186.7,54095.531
1780473600,67186.7,67448.0,66620.0,67040.1,36554.161
1780488000,67040.1,67220.2,66036.2,66046.5,45358.494
1780502400,66046.6,66359.4,65199.0,65428.6,52731.38
1780516800,65428.5,65829.4,64050.8,64117.7,63091.47
1780531200,64117.7,64495.9,61344.8,64336.2,138498.717
1780545600,64336.2,64739.8,63450.0,63561.7,48763.085
1780560000,63561.8,63875.9,62150.8,62520.7,83019.001
1780574400,62520.7,64463.7,62344.1,63864.8,82851.335
1780588800,63864.8,64150.8,62910.0,63600.3,47629.314
1780603200,63600.2,63897.0,63040.0,63853.4,30413.159
1780617600,63853.4,63955.0,62300.0,62699.7,39487.449
1780632000,62700.0,63674.9,61067.6,63075.6,95582.01
1780646400,63075.5,63231.8,61928.3,61929.5,37751.827
1780660800,61929.6,62437.5,60005.8,60400.8,115682.492
1780675200,60400.8,61550.0,59080.0,60267.7,127122.155
1780689600,60267.4,61985.1,59903.8,61022.0,62535.952
1780704000,61022.0,61500.0,60490.0,60662.6,23442.856
1780718400,60662.6,61250.0,59451.3,60975.2,61769.424
1780732800,60975.2,61475.0,60146.0,60773.5,34049.199
1780747200,60773.5,61173.5,60353.4,60754.1,26083.469
1780761600,60754.2,60949.9,60363.0,60563.9,15773.432
1780776000,60563.9,60969.2,60390.0,60849.7,13642.463
1780790400,60849.7,61763.9,60708.0,61671.1,26805.32
1780804800,61671.1,62380.0,61447.2,62366.0,33448.333
1780819200,62366.0,62942.4,62217.4,62598.8,34727.841
1780833600,62598.8,62617.7,61509.1,62071.6,44650.304
1780848000,62071.7,62327.0,61150.2,61303.8,26818.748
1780862400,61303.7,64250.0,61189.7,63298.5,51028.487
1780876800,63299.0,63849.5,62676.8,63101.6,30516.736
1780891200,63101.6,63320.9,62377.0,63259.9,24789.068
1780905600,63259.9,63861.3,62955.7,63450.1,28239.331
1780920000,63450.1,64179.5,62658.4,63745.4,59094.067
1780934400,63745.3,64029.5,63209.6,63348.2,21761.634
1780948800,63348.3,63832.5,62939.7,63057.9,20040.217
1780963200,63057.9,63157.3,62381.2,62841.0,30323.516
1780977600,62841.1,63499.9,62715.4,63170.8,25943.769
1780992000,63170.9,63183.0,62457.5,62679.4,24571.806
1781006400,62679.5,62868.2,61001.0,61100.7,71792.227
1781020800,61100.6,62079.5,60755.0,62068.8,51223.379
1781035200,62068.9,62253.2,61519.0,61695.0,17544.777
1781049600,61694.9,61947.4,61201.0,61518.2,19223.281
1781064000,61518.3,61783.4,61045.7,61654.3,19444.11
1781078400,61654.3,61707.6,60691.9,61003.1,33088.168
1781092800,61003.1,62840.2,60930.0,62604.8,66353.205
1781107200,62604.7,62617.1,61552.0,61908.7,31582.234
1781121600,61908.7,61921.2,61068.6,61483.7,23363.266
1781136000,61483.6,62922.0,61483.6,62657.5,28940.197
1781150400,62657.5,62993.4,62507.9,62693.3,22029.355
1781164800,62693.2,63235.9,62691.7,63078.0,26302.203
1781179200,63078.0,63200.0,62455.8,62721.1,50133.343
